"","hsa.let.7b.3p","hsa.let.7b.5p","hsa.let.7d.3p","hsa.let.7d.5p","hsa.let.7f.5p","hsa.let.7g.3p","hsa.let.7i.5p","hsa.miR.1","hsa.miR.100.5p","hsa.miR.101.3p","hsa.miR.103a.3p","hsa.miR.106a.5p","hsa.miR.107","hsa.miR.1183","hsa.miR.122.5p","hsa.miR.125a.3p","hsa.miR.125a.5p","hsa.miR.125b.5p","hsa.miR.1260a","hsa.miR.126.3p","hsa.miR.126.5p","hsa.miR.127.3p","hsa.miR.128.3p","hsa.miR.130a.3p","hsa.miR.132.3p","hsa.miR.134.5p","hsa.miR.135a.5p","hsa.miR.139.5p","hsa.miR.140.3p","hsa.miR.141.3p","hsa.miR.142.3p","hsa.miR.142.5p","hsa.miR.143.3p","hsa.miR.144.3p","hsa.miR.144.5p","hsa.miR.145.5p","hsa.miR.146a.5p","hsa.miR.148a.3p","hsa.miR.148b.3p","hsa.miR.150.5p","hsa.miR.151a.5p","hsa.miR.152.3p","hsa.miR.155.5p","hsa.miR.15a.5p","hsa.miR.15b.3p","hsa.miR.15b.5p","hsa.miR.16.2.3p","hsa.miR.16.5p","hsa.miR.17.3p","hsa.miR.181a.5p","hsa.miR.181c.5p","hsa.miR.182.5p","hsa.miR.183.5p","hsa.miR.185.5p","hsa.miR.186.5p","hsa.miR.18a.5p","hsa.miR.18b.5p","hsa.miR.190a.5p","hsa.miR.191.5p","hsa.miR.192.5p","hsa.miR.195.5p","hsa.miR.197.3p","hsa.miR.199a.3p","hsa.miR.199a.5p","hsa.miR.199b.5p","hsa.miR.19a.3p","hsa.miR.19b.3p","hsa.miR.200a.3p","hsa.miR.200c.3p","hsa.miR.204.5p","hsa.miR.205.5p","hsa.miR.20a.3p","hsa.miR.20a.5p","hsa.miR.210.3p","hsa.miR.2110","hsa.miR.214.3p","hsa.miR.21.5p","hsa.miR.218.5p","hsa.miR.221.3p","hsa.miR.222.3p","hsa.miR.223.3p","hsa.miR.223.5p","hsa.miR.22.3p","hsa.miR.22.5p","hsa.miR.23a.3p","hsa.miR.23b.3p","hsa.miR.24.3p","hsa.miR.25.3p","hsa.miR.26a.5p","hsa.miR.26b.5p","hsa.miR.27a.3p","hsa.miR.27b.3p","hsa.miR.28.3p","hsa.miR.28.5p","hsa.miR.29a.3p","hsa.miR.29b.3p","hsa.miR.29c.3p","hsa.miR.301a.3p","hsa.miR.30a.5p","hsa.miR.30c.5p","hsa.miR.30d.5p","hsa.miR.31.5p","hsa.miR.320a","hsa.miR.320b","hsa.miR.324.3p","hsa.miR.324.5p","hsa.miR.32.5p","hsa.miR.326","hsa.miR.329.3p","hsa.miR.330.3p","hsa.miR.331.3p","hsa.miR.335.5p","hsa.miR.338.3p","hsa.miR.339.3p","hsa.miR.33a.5p","hsa.miR.342.3p","hsa.miR.34a.5p","hsa.miR.361.3p","hsa.miR.361.5p","hsa.miR.365a.3p","hsa.miR.374b.5p","hsa.miR.375","hsa.miR.376a.3p","hsa.miR.376a.5p","hsa.miR.376c.3p","hsa.miR.382.5p","hsa.miR.409.3p","hsa.miR.410.3p","hsa.miR.423.3p","hsa.miR.423.5p","hsa.miR.424.5p","hsa.miR.425.3p","hsa.miR.425.5p","hsa.miR.451a","hsa.miR.452.5p","hsa.miR.484","hsa.miR.485.3p","hsa.miR.486.3p","hsa.miR.491.5p","hsa.miR.495.3p","hsa.miR.497.5p","hsa.miR.500a.5p","hsa.miR.501.5p","hsa.miR.509.3p","hsa.miR.532.5p","hsa.miR.542.5p","hsa.miR.574.3p","hsa.miR.584.5p","hsa.miR.590.5p","hsa.miR.624.5p","hsa.miR.629.5p","hsa.miR.632","hsa.miR.652.3p","hsa.miR.744.5p","hsa.miR.7.5p","hsa.miR.92a.3p","hsa.miR.93.3p","hsa.miR.93.5p","hsa.miR.99a.5p","hsa.miR.99b.5p"
"940641-H09",-2.97876712328767,3.42123287671233,2.02123287671233,-0.778767123287668,1.22123287671233,NA,2.72123287671233,NA,-2.77876712328767,4.32123287671233,3.72123287671233,5.42123287671233,0.721232876712328,NA,0.521232876712329,NA,-0.578767123287673,1.22123287671233,-1.67876712328767,4.72123287671233,0.521232876712329,-1.17876712328767,-3.27876712328767,-1.47876712328767,-1.17876712328767,-2.37876712328767,-4.47876712328767,-4.97876712328767,3.22123287671233,-5.17876712328767,4.82123287671233,-0.0787671232876725,-0.0787671232876725,4.52123287671233,0.12123287671233,0.221232876712328,1.72123287671233,-3.37876712328767,1.92123287671233,3.52123287671233,1.72123287671233,-0.978767123287671,-3.07876712328767,4.42123287671233,0.62123287671233,1.32123287671233,0.62123287671233,9.62123287671233,-2.27876712328767,1.22123287671233,NA,-2.57876712328767,-0.978767123287671,5.82123287671233,-5.37876712328767,1.92123287671233,2.12123287671233,NA,1.62123287671233,0.921232876712327,-1.87876712328767,0.32123287671233,0.521232876712329,-1.47876712328767,NA,5.32123287671233,6.92123287671233,NA,-2.77876712328767,-3.67876712328767,NA,-3.47876712328767,6.32123287671233,-0.17876712328767,-3.07876712328767,-5.27876712328767,6.22123287671233,NA,2.82123287671233,2.32123287671233,7.32123287671233,-3.27876712328767,0.62123287671233,NA,5.22123287671233,0.62123287671233,4.62123287671233,5.42123287671233,1.32123287671233,0.721232876712328,2.52123287671233,2.12123287671233,-1.57876712328767,-1.47876712328767,0.32123287671233,-0.0787671232876725,0.32123287671233,-0.37876712328767,-1.97876712328767,0.82123287671233,3.12123287671233,NA,3.82123287671233,1.52123287671233,0.62123287671233,-0.87876712328767,-0.778767123287668,-4.17876712328767,-2.37876712328767,-2.77876712328767,-0.478767123287671,-3.37876712328767,-1.37876712328767,-0.978767123287671,-3.77876712328767,-3.47876712328767,-4.17876712328767,-3.97876712328767,0.721232876712328,-1.87876712328767,-0.978767123287671,-2.27876712328767,0.32123287671233,-3.37876712328767,-0.0787671232876725,-1.47876712328767,0.221232876712328,-3.67876712328767,0.721232876712328,1.12123287671233,-1.97876712328767,-1.37876712328767,0.921232876712327,10.7212328767123,-4.67876712328767,2.22123287671233,-2.07876712328767,-3.57876712328767,-3.67876712328767,-2.77876712328767,-2.97876712328767,-4.27876712328767,-4.47876712328767,NA,-0.0787671232876725,NA,-1.87876712328767,-2.37876712328767,0.82123287671233,-2.17876712328767,-1.07876712328767,NA,0.921232876712327,-5.27876712328767,-1.47876712328767,5.92123287671233,-0.478767123287671,4.92123287671233,-1.57876712328767,-2.57876712328767
"954465-H05",-3.62847682119205,2.57152317880795,2.07152317880795,0.371523178807948,2.77152317880795,-3.22847682119205,2.37152317880795,-4.12847682119205,NA,3.97152317880795,4.67152317880795,4.97152317880795,1.97152317880795,NA,2.37152317880795,-4.02847682119205,1.17152317880795,-0.728476821192054,-0.728476821192054,5.27152317880795,1.07152317880795,NA,-1.42847682119205,-0.828476821192055,-1.62847682119205,-4.12847682119205,-4.22847682119205,-3.02847682119205,2.67152317880795,-3.22847682119205,6.17152317880795,0.171523178807949,0.0715231788079471,3.67152317880795,0.771523178807946,0.471523178807949,2.67152317880795,-2.92847682119205,2.37152317880795,4.17152317880795,2.97152317880795,0.671523178807949,-2.32847682119206,4.37152317880795,-0.428476821192049,1.67152317880795,-0.728476821192054,9.07152317880795,-2.32847682119206,2.37152317880795,NA,-3.32847682119206,-4.92847682119205,5.27152317880795,-1.82847682119206,1.87152317880795,2.07152317880795,-4.32847682119206,2.47152317880795,1.67152317880795,-2.42847682119205,1.07152317880795,1.17152317880795,0.571523178807947,-3.92847682119205,4.77152317880795,6.67152317880795,NA,-2.62847682119205,NA,-5.02847682119205,-4.72847682119205,5.97152317880795,-0.328476821192055,-2.22847682119205,NA,6.67152317880795,-3.32847682119206,3.67152317880795,2.37152317880795,8.47152317880795,-2.02847682119205,1.17152317880795,-3.62847682119205,5.87152317880795,3.57152317880795,5.57152317880795,4.67152317880795,2.37152317880795,0.571523178807947,3.17152317880795,2.67152317880795,-0.128476821192052,-0.128476821192052,1.07152317880795,0.271523178807946,0.971523178807949,0.171523178807949,-3.02847682119205,2.37152317880795,3.17152317880795,-4.82847682119206,3.67152317880795,1.57152317880795,-0.228476821192054,-0.728476821192054,-1.02847682119205,-2.92847682119205,NA,-3.62847682119205,0.771523178807946,-2.32847682119206,0.171523178807949,-0.228476821192054,-3.72847682119205,-2.62847682119205,-3.72847682119205,-3.02847682119205,1.07152317880795,-3.82847682119206,-0.128476821192052,-0.628476821192052,-5.02847682119205,-4.62847682119205,-4.72847682119205,-3.72847682119205,-4.12847682119205,NA,2.07152317880795,1.27152317880795,-0.128476821192052,-0.628476821192052,1.67152317880795,10.1715231788079,NA,2.37152317880795,NA,-4.32847682119206,-2.82847682119206,NA,-4.12847682119205,NA,-3.32847682119206,-3.62847682119205,-0.928476821192049,-3.72847682119205,-1.02847682119205,-1.52847682119205,1.27152317880795,-4.42847682119205,-1.42847682119205,-4.82847682119206,1.37152317880795,-4.02847682119205,-2.72847682119205,5.67152317880795,-0.828476821192055,4.37152317880795,-1.02847682119205,-1.72847682119205
"931867-H03",-2.7112582781457,2.9887417218543,2.1887417218543,0.088741721854305,1.9887417218543,-4.2112582781457,2.4887417218543,-4.61125827814569,-4.01125827814569,4.1887417218543,3.7887417218543,4.9887417218543,1.1887417218543,NA,2.1887417218543,NA,0.688741721854303,-0.911258278145695,-1.4112582781457,5.38874172185431,1.88874172185431,-1.8112582781457,-2.61125827814569,-0.511258278145696,-1.51125827814569,-0.311258278145697,-4.51125827814569,-3.51125827814569,2.5887417218543,-5.51125827814569,5.2887417218543,0.688741721854303,-0.111258278145694,2.88874172185431,-1.2112582781457,1.0887417218543,2.7887417218543,-3.11125827814569,1.9887417218543,1.88874172185431,2.4887417218543,0.088741721854305,-3.4112582781457,4.0887417218543,-0.0112582781456965,2.1887417218543,-0.911258278145695,8.9887417218543,-5.4112582781457,1.2887417218543,-5.2112582781457,-2.01125827814569,-3.01125827814569,5.38874172185431,-2.3112582781457,1.88874172185431,1.5887417218543,-5.4112582781457,2.7887417218543,0.588741721854305,-3.51125827814569,0.988741721854304,1.7887417218543,0.188741721854303,NA,4.9887417218543,6.5887417218543,-5.2112582781457,-2.8112582781457,NA,-4.9112582781457,-3.51125827814569,5.7887417218543,-1.51125827814569,-3.4112582781457,NA,6.7887417218543,NA,3.6887417218543,2.0887417218543,9.4887417218543,-1.3112582781457,0.388741721854306,-4.11125827814569,6.1887417218543,3.6887417218543,5.6887417218543,4.6887417218543,2.0887417218543,0.788741721854304,3.5887417218543,3.38874172185431,-0.211258278145696,-0.511258278145696,0.388741721854306,-0.411258278145695,-0.0112582781456965,0.288741721854304,-2.4112582781457,1.2887417218543,3.4887417218543,NA,3.88874172185431,1.9887417218543,-0.311258278145697,-1.11125827814569,-1.2112582781457,-2.8112582781457,-2.9112582781457,-4.61125827814569,-0.311258278145697,-2.4112582781457,-0.411258278145695,-0.211258278145696,-3.9112582781457,-4.2112582781457,-5.2112582781457,-3.2112582781457,1.5887417218543,-2.2112582781457,-0.111258278145694,-1.61125827814569,1.0887417218543,-4.2112582781457,0.988741721854304,0.188741721854303,1.2887417218543,-1.8112582781457,1.0887417218543,0.988741721854304,-0.811258278145697,-1.11125827814569,1.2887417218543,9.38874172185431,-5.7112582781457,2.2887417218543,-2.2112582781457,-4.8112582781457,-3.7112582781457,-2.01125827814569,-4.2112582781457,-5.51125827814569,-3.3112582781457,NA,-0.611258278145694,NA,-0.211258278145696,-1.9112582781457,1.5887417218543,-5.3112582781457,-1.7112582781457,-4.2112582781457,1.5887417218543,-3.11125827814569,-1.9112582781457,5.7887417218543,-0.211258278145696,4.4887417218543,-1.61125827814569,-1.3112582781457
"959088-H03",-0.820437956204376,1.77956204379562,2.17956204379562,-0.920437956204378,1.67956204379562,-4.12043795620438,1.27956204379562,-3.62043795620438,NA,2.77956204379562,2.37956204379562,4.37956204379562,-0.520437956204379,-4.22043795620438,2.17956204379562,NA,1.87956204379562,0.17956204379562,-0.320437956204376,5.97956204379562,2.67956204379562,-2.92043795620438,-4.72043795620438,-2.82043795620438,-3.42043795620438,1.07956204379562,-4.62043795620438,-4.72043795620438,3.27956204379562,-4.92043795620438,4.47956204379562,-1.12043795620438,-1.22043795620438,-0.720437956204382,-2.32043795620438,1.47956204379562,2.87956204379562,NA,0.479562043795621,4.37956204379562,2.07956204379562,0.979562043795621,-2.02043795620438,1.37956204379562,-0.720437956204382,1.07956204379562,-2.02043795620438,9.07956204379562,NA,0.37956204379562,NA,-3.52043795620438,-3.82043795620438,4.87956204379562,-1.92043795620438,0.979562043795621,0.479562043795621,NA,3.17956204379562,1.37956204379562,-1.82043795620438,1.87956204379562,-0.62043795620438,-3.02043795620438,NA,3.97956204379562,5.47956204379562,NA,-1.92043795620438,-1.52043795620438,-2.42043795620438,NA,5.37956204379562,NA,-3.22043795620438,-4.62043795620438,6.17956204379562,NA,1.97956204379562,1.77956204379562,9.67956204379562,-3.12043795620438,-0.520437956204379,NA,6.47956204379562,3.87956204379562,6.07956204379562,4.97956204379562,2.57956204379562,-0.220437956204382,4.07956204379562,4.07956204379562,0.17956204379562,-1.52043795620438,0.0795620437956224,-2.52043795620438,-1.22043795620438,-0.520437956204379,-2.12043795620438,1.87956204379562,3.97956204379562,-4.62043795620438,4.57956204379562,1.77956204379562,-1.52043795620438,-1.92043795620438,-3.92043795620438,-4.82043795620438,NA,-3.32043795620438,-0.920437956204378,-3.82043795620438,-3.32043795620438,0.0795620437956224,NA,-4.82043795620438,NA,NA,1.87956204379562,-4.62043795620438,-0.12043795620438,-0.62043795620438,0.579562043795622,-3.92043795620438,1.17956204379562,0.479562043795621,1.97956204379562,-3.52043795620438,0.37956204379562,-0.12043795620438,-3.12043795620438,-2.02043795620438,-0.220437956204382,6.77956204379562,-3.62043795620438,1.47956204379562,-3.22043795620438,NA,NA,-3.92043795620438,-5.02043795620438,NA,-2.62043795620438,NA,-1.02043795620438,NA,-0.420437956204378,-0.62043795620438,1.47956204379562,-3.92043795620438,-1.82043795620438,NA,-0.420437956204378,NA,-3.92043795620438,5.47956204379562,0.479562043795621,3.47956204379562,-3.62043795620438,-1.52043795620438
"949716-H07",-2.77175572519084,2.82824427480916,2.02824427480916,-0.471755725190839,1.72824427480916,NA,2.02824427480916,NA,NA,3.22824427480916,2.92824427480916,4.92824427480916,0.228244274809164,NA,-0.0717557251908403,NA,0.828244274809162,-1.17175572519084,-1.97175572519084,5.62824427480916,2.32824427480916,-2.07175572519084,-4.17175572519084,-1.47175572519084,-0.971755725190839,-1.57175572519084,NA,NA,3.62824427480916,-3.17175572519084,3.32824427480916,-2.47175572519084,-2.87175572519084,1.32824427480916,-0.771755725190836,-0.271755725190836,1.42824427480916,NA,-0.671755725190842,3.02824427480916,1.22824427480916,0.128244274809163,-2.37175572519084,2.32824427480916,-0.771755725190836,1.22824427480916,-0.771755725190836,10.7282442748092,NA,0.328244274809158,NA,-1.37175572519084,-1.27175572519084,5.12824427480916,-2.07175572519084,0.528244274809161,0.628244274809163,NA,2.62824427480916,1.92824427480916,-2.97175572519084,0.42824427480916,-1.27175572519084,-2.47175572519084,NA,3.82824427480916,5.22824427480916,NA,-3.87175572519084,-0.171755725190842,-2.47175572519084,NA,5.82824427480916,-4.17175572519084,-4.17175572519084,-3.97175572519084,6.02824427480916,NA,1.72824427480916,1.62824427480916,8.42824427480916,-2.77175572519084,-1.67175572519084,NA,5.72824427480916,3.02824427480916,4.92824427480916,5.92824427480916,2.52824427480916,1.42824427480916,3.42824427480916,3.12824427480916,-0.971755725190839,-2.47175572519084,-1.07175572519084,-3.37175572519084,-1.57175572519084,-0.371755725190837,-2.07175572519084,1.72824427480916,3.62824427480916,NA,4.32824427480916,1.62824427480916,-1.07175572519084,-3.47175572519084,-2.27175572519084,-4.07175572519084,NA,-3.27175572519084,-3.07175572519084,-3.07175572519084,-3.67175572519084,-1.07175572519084,NA,-4.07175572519084,NA,NA,1.22824427480916,-3.57175572519084,-0.471755725190839,-2.07175572519084,-1.27175572519084,NA,-1.97175572519084,-0.971755725190839,-0.171755725190842,-4.07175572519084,-0.471755725190839,0.72824427480916,-3.47175572519084,-2.07175572519084,-0.371755725190837,8.62824427480916,NA,0.92824427480916,-3.57175572519084,-3.47175572519084,NA,-4.17175572519084,NA,NA,NA,NA,-1.47175572519084,NA,-1.47175572519084,-2.17175572519084,1.52824427480916,-3.47175572519084,-2.67175572519084,-3.37175572519084,-1.07175572519084,NA,-2.77175572519084,6.42824427480916,0.72824427480916,3.72824427480916,NA,-2.77175572519084
"931874-H04",-2.23402777777778,3.46597222222222,2.06597222222222,0.0659722222222214,NA,-3.23402777777778,2.96597222222222,-4.23402777777778,-5.13402777777778,4.16597222222222,4.16597222222222,5.66597222222222,1.46597222222222,NA,0.765972222222221,NA,0.165972222222219,-1.93402777777778,-1.83402777777778,5.06597222222222,1.66597222222222,-3.03402777777778,-1.73402777777778,-0.634027777777778,-1.83402777777778,-3.03402777777778,NA,NA,3.26597222222222,-3.03402777777778,5.06597222222222,0.96597222222222,0.165972222222219,4.56597222222222,-0.834027777777781,0.565972222222221,2.76597222222222,-1.63402777777778,2.56597222222222,3.16597222222222,2.26597222222222,-0.03402777777778,-2.93402777777778,4.96597222222222,0.865972222222222,2.16597222222222,0.665972222222219,10.0659722222222,-3.43402777777778,NA,NA,-2.43402777777778,-1.43402777777778,5.66597222222222,-2.33402777777778,2.56597222222222,2.26597222222222,NA,2.96597222222222,1.96597222222222,-4.13402777777778,1.06597222222222,1.16597222222222,-0.834027777777781,-5.43402777777778,5.66597222222222,7.46597222222222,NA,-3.13402777777778,-4.83402777777778,NA,-5.03402777777778,6.46597222222222,-0.434027777777779,-3.63402777777778,NA,6.76597222222222,NA,3.36597222222222,2.16597222222222,8.46597222222222,-3.13402777777778,1.26597222222222,-1.93402777777778,5.56597222222222,2.96597222222222,NA,5.46597222222222,1.96597222222222,0.96597222222222,3.26597222222222,2.96597222222222,-0.334027777777781,-0.334027777777781,0.46597222222222,0.46597222222222,0.665972222222219,0.265972222222221,-3.03402777777778,1.36597222222222,3.16597222222222,NA,4.16597222222222,1.86597222222222,-0.03402777777778,-0.734027777777779,0.0659722222222214,-4.53402777777778,NA,-2.33402777777778,-0.834027777777781,-3.13402777777778,-1.03402777777778,-0.834027777777781,-3.83402777777778,-3.43402777777778,-3.83402777777778,-3.93402777777778,1.56597222222222,-3.73402777777778,-0.53402777777778,-0.434027777777779,-0.634027777777778,NA,-0.634027777777778,-1.93402777777778,-0.934027777777779,-5.73402777777778,1.86597222222222,NA,0.865972222222222,-0.834027777777781,1.36597222222222,10.6659722222222,-5.13402777777778,2.66597222222222,-4.03402777777778,-2.73402777777778,-5.03402777777778,NA,-3.83402777777778,-4.83402777777778,-3.03402777777778,-3.33402777777778,-0.134027777777778,-4.83402777777778,-0.934027777777779,-0.434027777777779,NA,-2.83402777777778,-1.23402777777778,-4.63402777777778,1.66597222222222,-4.03402777777778,-0.734027777777779,5.66597222222222,0.0659722222222214,4.96597222222222,-3.83402777777778,-2.13402777777778
"923866-H05",NA,2.6776119402985,1.77761194029851,-1.0223880597015,0.577611940298503,NA,2.0776119402985,NA,-3.5223880597015,3.6776119402985,1.97761194029851,4.5776119402985,-0.122388059701493,-4.22238805970149,2.77761194029851,NA,-0.0223880597014983,-0.222388059701494,-1.4223880597015,4.6776119402985,0.777611940298506,NA,-3.3223880597015,-1.9223880597015,-0.822388059701495,NA,-4.3223880597015,-4.3223880597015,2.27761194029851,-3.5223880597015,3.77761194029851,-0.422388059701497,-0.522388059701498,2.8776119402985,-0.222388059701494,0.477611940298502,1.77761194029851,-2.12238805970149,1.6776119402985,3.1776119402985,1.1776119402985,-0.322388059701495,-3.3223880597015,4.1776119402985,-0.422388059701497,0.877611940298504,0.0776119402985032,9.0776119402985,-3.22238805970149,-0.422388059701497,-4.3223880597015,-2.62238805970149,NA,5.1776119402985,-2.12238805970149,1.5776119402985,0.877611940298504,NA,1.5776119402985,0.677611940298505,-2.12238805970149,0.677611940298505,-0.0223880597014983,-2.12238805970149,NA,4.77761194029851,6.3776119402985,-3.72238805970149,-3.8223880597015,NA,-2.12238805970149,-4.12238805970149,5.6776119402985,-1.22238805970149,-2.5223880597015,NA,6.3776119402985,NA,2.6776119402985,1.97761194029851,8.0776119402985,-2.12238805970149,-0.622388059701493,-2.12238805970149,5.0776119402985,1.97761194029851,4.1776119402985,4.8776119402985,0.177611940298505,-0.0223880597014983,2.1776119402985,1.6776119402985,-1.5223880597015,-3.9223880597015,1.1776119402985,-0.222388059701494,0.677611940298505,-1.5223880597015,-1.62238805970149,0.0776119402985032,2.77761194029851,NA,3.6776119402985,1.0776119402985,-0.522388059701498,-3.4223880597015,-1.22238805970149,-3.5223880597015,NA,-3.9223880597015,-1.62238805970149,-3.62238805970149,-1.9223880597015,-2.3223880597015,NA,NA,NA,-2.4223880597015,0.577611940298503,-2.4223880597015,-1.8223880597015,0.477611940298502,-2.9223880597015,NA,-2.8223880597015,NA,-2.22238805970149,NA,0.0776119402985032,0.777611940298506,0.177611940298505,-1.8223880597015,1.1776119402985,10.1776119402985,NA,1.3776119402985,NA,-4.3223880597015,-3.5223880597015,NA,NA,-3.62238805970149,NA,-0.722388059701494,-0.922388059701497,NA,-1.22238805970149,-2.22238805970149,0.477611940298502,-4.12238805970149,-1.3223880597015,-3.5223880597015,0.377611940298507,NA,-2.22238805970149,5.8776119402985,-0.522388059701498,4.1776119402985,-1.4223880597015,-3.9223880597015
"958362-H03",-2.96095890410959,3.43904109589041,1.63904109589041,0.0390410958904113,2.03904109589041,-4.26095890410959,2.83904109589041,-4.86095890410959,NA,4.13904109589041,4.33904109589041,5.43904109589041,1.83904109589041,NA,2.23904109589041,NA,0.739041095890411,-0.960958904109592,-1.96095890410959,5.23904109589041,1.03904109589041,-4.66095890410959,-1.86095890410959,-1.06095890410959,-0.660958904109588,-2.26095890410959,NA,-4.56095890410959,3.43904109589041,-5.46095890410959,5.73904109589041,0.139041095890409,-0.0609589041095902,4.43904109589041,-0.260958904109589,0.339041095890412,2.13904109589041,-3.06095890410959,2.33904109589041,1.93904109589041,2.93904109589041,0.339041095890412,-2.76095890410959,5.03904109589041,0.43904109589041,1.43904109589041,0.43904109589041,10.1390410958904,0.339041095890412,1.53904109589041,NA,-3.86095890410959,-4.56095890410959,5.63904109589041,-1.46095890410959,2.33904109589041,2.13904109589041,-3.06095890410959,2.53904109589041,1.13904109589041,-4.66095890410959,0.339041095890412,1.33904109589041,0.139041095890409,-4.86095890410959,5.33904109589041,7.13904109589041,NA,-2.46095890410959,NA,NA,-3.96095890410959,6.33904109589041,-1.36095890410959,-3.36095890410959,NA,6.43904109589041,-4.76095890410959,3.53904109589041,2.03904109589041,8.23904109589041,-3.16095890410959,0.339041095890412,-4.56095890410959,5.53904109589041,3.33904109589041,5.03904109589041,5.43904109589041,2.03904109589041,0.639041095890409,2.73904109589041,2.33904109589041,-0.760958904109589,-0.56095890410959,0.239041095890411,-0.0609589041095902,0.539041095890411,-0.460958904109589,-3.66095890410959,2.03904109589041,3.13904109589041,NA,3.73904109589041,2.03904109589041,0.639041095890409,-1.36095890410959,-0.360958904109591,-3.86095890410959,-5.06095890410959,-3.16095890410959,-0.360958904109591,-2.36095890410959,-1.36095890410959,-1.06095890410959,-3.46095890410959,-4.86095890410959,-5.56095890410959,-2.36095890410959,0.539041095890411,-3.96095890410959,0.0390410958904113,-0.56095890410959,-1.16095890410959,-5.36095890410959,NA,-3.76095890410959,-1.26095890410959,NA,1.33904109589041,1.33904109589041,-0.760958904109589,-1.66095890410959,2.03904109589041,11.2390410958904,-3.06095890410959,2.53904109589041,-4.36095890410959,-3.26095890410959,-2.86095890410959,-5.36095890410959,-4.56095890410959,-4.56095890410959,-2.96095890410959,-4.06095890410959,0.139041095890409,-3.66095890410959,-0.660958904109588,-2.46095890410959,1.43904109589041,-2.36095890410959,-1.36095890410959,-4.36095890410959,1.33904109589041,NA,-1.66095890410959,6.23904109589041,-0.460958904109589,2.43904109589041,NA,-4.36095890410959
"927320-H04",-2.55174825174825,2.94825174825175,1.84825174825175,-1.75174825174825,0.748251748251747,-4.95174825174825,2.74825174825175,NA,-3.15174825174826,4.74825174825175,2.64825174825175,5.44825174825175,0.548251748251747,-3.95174825174825,2.94825174825175,NA,0.548251748251747,-1.55174825174825,-1.25174825174825,4.44825174825175,0.548251748251747,NA,-3.45174825174825,-1.15174825174826,-2.35174825174825,-4.65174825174826,-5.15174825174826,-4.55174825174825,3.84825174825175,-3.75174825174825,4.54825174825175,0.0482517482517473,-0.951748251748253,1.04825174825175,0.548251748251747,0.848251748251748,1.24825174825175,-1.25174825174825,2.14825174825175,3.94825174825175,1.24825174825175,-0.351748251748251,-1.95174825174825,0.548251748251747,-0.351748251748251,1.04825174825175,1.14825174825175,10.3482517482517,NA,1.44825174825175,-5.25174825174825,-2.45174825174825,-3.65174825174826,6.44825174825175,-0.851748251748251,1.74825174825175,1.44825174825175,-4.35174825174825,2.14825174825175,1.24825174825175,NA,1.24825174825175,0.0482517482517473,-1.25174825174825,-3.55174825174825,5.34825174825175,7.04825174825175,NA,-2.55174825174825,-3.35174825174825,-5.45174825174825,-5.05174825174825,6.44825174825175,-1.25174825174825,-4.25174825174825,NA,6.64825174825175,-4.05174825174825,2.44825174825175,2.64825174825175,8.74825174825175,-1.15174825174826,0.0482517482517473,-3.35174825174825,5.54825174825175,3.04825174825175,4.94825174825175,5.74825174825175,1.44825174825175,-0.451748251748253,2.84825174825175,2.44825174825175,-0.75174825174825,-1.95174825174825,0.948251748251746,-0.251748251748253,1.34825174825175,-0.551748251748254,-2.55174825174825,0.848251748251748,3.54825174825175,NA,4.34825174825175,2.04825174825175,0.348251748251748,-1.55174825174825,0.248251748251747,-2.95174825174825,NA,-3.65174825174826,-0.651748251748256,-2.75174825174825,0.348251748251748,-1.65174825174826,NA,-4.65174825174826,-4.15174825174826,-5.35174825174825,1.04825174825175,-1.35174825174825,-1.05174825174825,-4.55174825174825,-2.65174825174826,NA,-3.15174825174826,-3.05174825174825,-4.35174825174825,NA,0.548251748251747,1.74825174825175,0.648251748251749,-1.05174825174825,1.74825174825175,11.3482517482517,NA,2.34825174825175,NA,-4.35174825174825,-3.85174825174825,-3.15174825174826,NA,-3.65174825174826,-2.25174825174825,-2.35174825174825,-0.451748251748253,-3.05174825174825,-1.35174825174825,-2.05174825174825,1.94825174825175,-3.55174825174825,-0.0517482517482541,NA,1.44825174825175,NA,-1.55174825174825,6.64825174825175,-0.351748251748251,4.84825174825175,-2.15174825174826,-2.15174825174826
"954170-H04",-2.00204081632653,1.89795918367347,2.29795918367347,-1.00204081632653,0.697959183673468,-2.80204081632653,1.79795918367347,-4.40204081632653,-2.50204081632653,3.79795918367347,3.69795918367347,4.79795918367347,0.497959183673469,-4.70204081632653,4.09795918367347,NA,0.697959183673468,-0.00204081632653086,-1.80204081632653,4.09795918367347,-0.302040816326528,-2.00204081632653,-1.80204081632653,-2.00204081632653,-1.90204081632653,-2.90204081632653,NA,NA,2.79795918367347,-2.90204081632653,4.39795918367347,-0.102040816326532,1.69795918367347,2.89795918367347,0.897959183673468,0.997959183673469,1.49795918367347,-2.30204081632653,1.49795918367347,2.79795918367347,1.69795918367347,-0.102040816326532,NA,4.09795918367347,-0.802040816326528,1.39795918367347,-0.502040816326531,9.29795918367347,NA,0.197959183673468,-5.00204081632653,-3.90204081632653,-4.00204081632653,4.79795918367347,-2.40204081632653,1.29795918367347,0.897959183673468,-4.80204081632653,2.29795918367347,2.39795918367347,-3.00204081632653,2.09795918367347,0.697959183673468,-1.30204081632653,-4.60204081632653,5.09795918367347,6.49795918367347,-4.90204081632653,-3.40204081632653,-1.80204081632653,-2.30204081632653,-3.80204081632653,5.69795918367347,-0.702040816326534,-3.00204081632653,-4.20204081632653,6.29795918367347,NA,2.69795918367347,2.69795918367347,9.69795918367347,-1.00204081632653,0.997959183673469,-4.70204081632653,6.09795918367347,3.19795918367347,5.39795918367347,4.79795918367347,0.79795918367347,-0.102040816326532,3.19795918367347,2.19795918367347,-0.302040816326528,-0.902040816326529,1.89795918367347,0.29795918367347,1.49795918367347,-0.802040816326528,-1.40204081632653,1.69795918367347,2.99795918367347,NA,3.19795918367347,0.497959183673469,-0.00204081632653086,-1.00204081632653,-0.602040816326532,NA,NA,-3.60204081632653,-0.602040816326532,-3.20204081632653,0.697959183673468,-2.20204081632653,-4.70204081632653,-4.00204081632653,-4.20204081632653,-4.40204081632653,2.09795918367347,-0.902040816326529,-0.802040816326528,-0.702040816326534,-0.802040816326528,-3.10204081632653,-0.902040816326529,-1.00204081632653,-0.202040816326534,-3.80204081632653,1.19795918367347,1.19795918367347,-0.902040816326529,-2.00204081632653,1.29795918367347,9.69795918367347,NA,1.09795918367347,-3.70204081632653,NA,-3.00204081632653,-3.10204081632653,-3.70204081632653,NA,NA,NA,0.497959183673469,NA,-0.202040816326534,-3.20204081632653,0.997959183673469,-3.20204081632653,-1.20204081632653,-3.20204081632653,1.09795918367347,NA,-2.90204081632653,4.99795918367347,-0.802040816326528,4.19795918367347,-3.00204081632653,-1.80204081632653
"923982-H05",-1.56285714285714,1.93714285714286,2.23714285714286,-2.26285714285715,1.13714285714286,-5.06285714285714,1.13714285714286,NA,NA,-0.362857142857145,2.93714285714286,5.93714285714286,0.137142857142855,NA,2.03714285714286,NA,-1.16285714285715,-1.76285714285715,-2.56285714285714,4.93714285714286,1.43714285714286,NA,-2.96285714285714,-0.862857142857141,-1.26285714285715,-0.662857142857145,-4.56285714285714,NA,4.73714285714286,-2.56285714285714,2.93714285714286,-0.0628571428571441,-0.862857142857141,4.43714285714286,-0.162857142857145,-0.262857142857143,1.33714285714285,-3.66285714285715,0.737142857142857,1.73714285714286,0.937142857142856,0.737142857142857,-3.96285714285714,4.13714285714286,1.33714285714285,2.33714285714285,0.337142857142855,11.1371428571429,-4.76285714285715,-0.462857142857143,NA,-2.36285714285714,-2.06285714285714,5.83714285714285,-4.06285714285714,2.23714285714286,1.63714285714286,-4.76285714285715,2.73714285714286,2.63714285714286,-2.06285714285714,1.13714285714286,0.237142857142857,-4.56285714285714,NA,6.03714285714286,7.73714285714286,-5.16285714285715,-3.06285714285714,-4.26285714285715,-5.16285714285715,-4.36285714285714,7.13714285714286,-0.562857142857144,-2.86285714285714,-3.26285714285715,6.53714285714286,NA,2.53714285714286,3.03714285714286,8.83714285714285,-2.56285714285714,-0.462857142857143,-1.86285714285714,5.53714285714286,2.93714285714286,6.03714285714286,5.83714285714285,0.837142857142855,0.837142857142855,2.83714285714285,2.83714285714285,-0.462857142857143,-2.86285714285714,0.637142857142855,-0.762857142857147,0.437142857142856,0.0371428571428574,-1.06285714285714,0.737142857142857,3.53714285714286,-5.16285714285715,4.43714285714286,2.53714285714286,-0.162857142857145,-2.46285714285714,0.537142857142857,NA,-2.76285714285715,NA,-2.16285714285715,-3.06285714285714,-3.76285714285715,-0.862857142857141,NA,-3.36285714285714,-4.36285714285714,NA,1.93714285714286,-2.26285714285715,-1.56285714285714,-0.462857142857143,-0.362857142857145,-4.76285714285715,-0.262857142857143,-1.16285714285715,-1.36285714285714,-3.26285714285715,0.337142857142855,1.13714285714286,-2.36285714285714,-1.46285714285714,0.637142857142855,9.63714285714286,-4.16285714285715,2.13714285714286,-5.16285714285715,-2.26285714285715,NA,NA,-4.06285714285714,NA,NA,NA,0.737142857142857,NA,0.337142857142855,-2.46285714285714,2.13714285714286,-3.76285714285715,-1.66285714285715,NA,-1.06285714285714,NA,-4.46285714285714,6.53714285714286,-0.0628571428571441,4.83714285714285,-4.16285714285715,-4.26285714285715
"955162-H06",-4.04666666666667,NA,1.05333333333333,-1.34666666666666,3.05333333333333,-4.94666666666667,1.15333333333334,-3.74666666666666,-4.74666666666666,3.35333333333334,3.85333333333334,4.85333333333334,0.953333333333333,NA,-0.346666666666664,NA,1.85333333333334,-1.04666666666667,-1.24666666666666,5.75333333333333,1.15333333333334,-1.04666666666667,-2.74666666666666,-2.04666666666667,-1.44666666666667,-3.04666666666667,-2.24666666666666,-3.04666666666667,2.75333333333333,-4.44666666666667,5.55333333333333,-0.146666666666668,-0.446666666666665,2.15333333333334,0.453333333333333,0.553333333333335,0.953333333333333,-4.44666666666667,0.553333333333335,2.35333333333334,2.35333333333334,0.753333333333334,-2.84666666666666,2.75333333333333,0.253333333333334,1.05333333333333,-0.846666666666664,9.45333333333333,-4.14666666666667,0.353333333333335,NA,-2.64666666666667,NA,4.15333333333334,-2.24666666666666,1.45333333333333,1.25333333333333,NA,2.65333333333334,1.35333333333334,-3.94666666666667,0.853333333333335,0.353333333333335,-1.24666666666666,NA,4.55333333333333,6.25333333333333,-4.94666666666667,-4.04666666666667,NA,-3.84666666666666,-3.44666666666667,5.55333333333333,-2.14666666666667,-3.64666666666667,-4.54666666666667,6.25333333333333,NA,2.75333333333333,2.85333333333334,9.15333333333334,-1.74666666666666,-2.04666666666667,-3.94666666666667,6.05333333333333,4.05333333333333,5.55333333333333,4.35333333333334,2.75333333333333,0.453333333333333,2.85333333333334,2.95333333333333,-1.64666666666667,-1.14666666666667,0.353333333333335,-2.94666666666667,-0.346666666666664,0.253333333333334,-2.24666666666666,2.35333333333334,3.05333333333333,NA,2.95333333333333,1.15333333333334,-0.546666666666667,-2.14666666666667,-1.74666666666666,NA,NA,NA,-0.646666666666668,-3.44666666666667,-3.94666666666667,-0.746666666666663,NA,NA,NA,NA,0.953333333333333,-4.04666666666667,0.0533333333333346,-0.846666666666664,0.0533333333333346,-1.84666666666666,0.353333333333335,-0.346666666666664,0.453333333333333,-3.44666666666667,-0.146666666666668,-0.446666666666665,-2.84666666666666,-1.74666666666666,0.553333333333335,7.75333333333333,-4.34666666666666,1.35333333333334,-1.74666666666666,NA,-3.04666666666667,-4.74666666666666,-3.64666666666667,NA,NA,NA,-0.746666666666663,NA,-0.646666666666668,-2.64666666666667,1.25333333333333,NA,-2.34666666666666,NA,0.0533333333333346,NA,NA,5.15333333333334,-1.74666666666666,3.55333333333333,-2.24666666666666,-0.746666666666663
"934423-H05",-2.96808510638298,-0.76808510638298,2.13191489361702,-0.468085106382976,0.531914893617024,NA,1.33191489361702,-4.96808510638298,-2.56808510638298,3.73191489361702,3.73191489361702,4.93191489361702,0.831914893617022,NA,1.03191489361702,NA,-0.068085106382977,-1.26808510638298,-1.96808510638298,5.43191489361702,1.03191489361702,-2.36808510638297,-2.16808510638298,-0.76808510638298,-0.568085106382977,-1.66808510638298,-4.16808510638298,NA,3.53191489361702,-3.36808510638297,4.93191489361702,1.63191489361702,1.33191489361702,2.03191489361702,0.431914893617023,1.33191489361702,1.23191489361702,-2.26808510638298,0.931914893617023,2.83191489361702,2.03191489361702,-0.26808510638298,-3.66808510638298,3.33191489361702,-0.368085106382974,1.93191489361702,-1.96808510638298,9.43191489361702,-3.46808510638298,0.631914893617022,NA,-3.56808510638298,-2.66808510638298,4.73191489361702,-2.36808510638297,1.03191489361702,1.13191489361702,-3.16808510638298,3.13191489361702,1.63191489361702,-4.36808510638297,1.83191489361702,0.731914893617024,-2.36808510638297,-4.76808510638298,4.83191489361702,6.43191489361702,NA,NA,-3.66808510638298,-3.26808510638298,-3.76808510638298,5.63191489361702,-1.86808510638297,-4.36808510638297,-4.76808510638298,6.73191489361702,-4.96808510638298,2.53191489361702,3.33191489361702,9.83191489361702,-1.36808510638297,-0.76808510638298,-4.06808510638298,6.13191489361702,3.83191489361702,6.13191489361702,4.83191489361702,2.33191489361702,0.831914893617022,3.43191489361702,2.03191489361702,-0.76808510638298,-0.26808510638298,0.631914893617022,-0.668085106382978,0.431914893617023,-0.068085106382977,-1.56808510638298,1.43191489361702,3.03191489361702,-4.56808510638298,3.63191489361702,1.03191489361702,-1.26808510638298,-1.76808510638298,-1.96808510638298,-3.86808510638297,NA,NA,-1.06808510638298,-2.76808510638298,-2.26808510638298,-1.66808510638298,NA,NA,-1.96808510638298,NA,2.43191489361702,-1.06808510638298,-0.168085106382978,-1.26808510638298,-2.56808510638298,-4.26808510638298,-2.26808510638298,-2.96808510638298,-2.76808510638298,NA,1.33191489361702,0.731914893617024,0.0319148936170244,-1.36808510638297,0.631914893617022,7.83191489361702,-4.76808510638298,1.33191489361702,NA,NA,-3.36808510638297,NA,-4.06808510638298,NA,-4.16808510638298,-1.86808510638297,-0.368085106382974,-3.36808510638297,0.0319148936170244,-2.96808510638298,0.631914893617022,-3.06808510638298,-1.66808510638298,NA,0.131914893617022,NA,-4.36808510638297,5.13191489361702,0.231914893617024,4.63191489361702,-1.26808510638298,-1.86808510638297
"948356-H06",-1.32739726027397,2.57260273972603,1.87260273972603,0.472602739726028,2.37260273972603,NA,3.07260273972603,-4.72739726027397,-3.22739726027397,4.57260273972603,3.47260273972603,5.67260273972603,1.07260273972603,NA,-0.227397260273971,NA,0.172602739726027,-1.62739726027397,-1.72739726027397,5.47260273972603,1.77260273972603,-2.92739726027397,-3.92739726027397,-1.32739726027397,-0.727397260273971,-1.12739726027397,NA,-4.22739726027397,4.37260273972603,-3.92739726027397,5.47260273972603,-0.727397260273971,-0.527397260273972,4.47260273972603,0.772602739726029,1.17260273972603,1.57260273972603,-3.32739726027397,1.67260273972603,2.27260273972603,2.27260273972603,0.472602739726028,-3.82739726027397,5.17260273972603,0.772602739726029,2.37260273972603,0.772602739726029,11.272602739726,-3.52739726027397,0.772602739726029,NA,-3.42739726027397,-2.52739726027397,5.57260273972603,-3.82739726027397,1.97260273972603,1.67260273972603,-3.72739726027397,2.57260273972603,1.77260273972603,-5.02739726027397,0.0726027397260296,-0.0273972602739718,-2.32739726027397,NA,5.57260273972603,7.17260273972603,NA,-2.62739726027397,-3.52739726027397,NA,-4.32739726027397,6.97260273972603,-2.42739726027397,-2.32739726027397,-5.22739726027397,6.97260273972603,NA,2.37260273972603,3.27260273972603,7.87260273972603,-2.42739726027397,-0.12739726027397,-2.82739726027397,5.57260273972603,3.37260273972603,4.87260273972603,5.87260273972603,2.47260273972603,0.672602739726027,2.87260273972603,2.27260273972603,-0.727397260273971,-0.62739726027397,0.0726027397260296,-1.32739726027397,0.272602739726029,-0.42739726027397,-1.72739726027397,2.37260273972603,3.67260273972603,NA,4.37260273972603,1.67260273972603,-0.727397260273971,-2.62739726027397,0.772602739726029,-4.12739726027397,-3.22739726027397,-4.32739726027397,-1.72739726027397,-1.92739726027397,-3.72739726027397,-0.827397260273973,-5.62739726027397,-5.32739726027397,NA,NA,0.87260273972603,-3.22739726027397,0.272602739726029,-0.62739726027397,-0.927397260273974,-5.72739726027397,-0.327397260273973,-2.02739726027397,-0.62739726027397,-3.62739726027397,0.472602739726028,1.27260273972603,-1.42739726027397,-1.62739726027397,1.57260273972603,10.372602739726,-4.62739726027397,2.37260273972603,-2.42739726027397,-3.62739726027397,-4.82739726027397,-3.92739726027397,-5.22739726027397,NA,-4.92739726027397,-2.02739726027397,0.0726027397260296,NA,-0.727397260273971,-1.72739726027397,2.27260273972603,-4.92739726027397,-1.22739726027397,NA,-0.0273972602739718,-4.62739726027397,-1.52739726027397,7.07260273972603,-0.42739726027397,5.17260273972603,-1.92739726027397,-1.82739726027397
"948353-H06",-1.89470198675497,0.805298013245036,2.20529801324503,1.00529801324504,3.40529801324503,-4.89470198675497,2.10529801324503,-5.69470198675496,-2.39470198675497,3.90529801324503,4.40529801324503,5.20529801324503,1.90529801324503,-5.39470198675497,-0.594701986754966,-5.69470198675496,1.40529801324503,-0.694701986754964,-0.794701986754966,5.70529801324503,1.60529801324503,-1.69470198675496,-2.89470198675497,-0.794701986754966,-1.39470198675497,-1.69470198675496,-4.99470198675497,-2.49470198675497,3.60529801324503,-4.39470198675497,6.40529801324503,0.205298013245034,-0.494701986754965,2.40529801324503,2.60529801324503,1.10529801324503,2.50529801324504,-2.69470198675496,2.00529801324504,3.30529801324504,3.20529801324503,1.00529801324504,-2.99470198675497,4.70529801324503,0.405298013245034,2.70529801324503,-0.994701986754968,9.50529801324504,-3.89470198675497,1.80529801324504,-5.69470198675496,-1.09470198675496,-1.39470198675497,5.20529801324503,-2.29470198675497,1.60529801324503,1.30529801324504,-2.49470198675497,3.20529801324503,1.30529801324504,-3.69470198675496,1.40529801324503,1.40529801324503,-0.294701986754966,NA,4.60529801324503,6.50529801324504,-3.89470198675497,-2.29470198675497,-4.59470198675496,NA,-3.89470198675497,6.10529801324503,-1.89470198675497,-2.49470198675497,-5.19470198675496,6.90529801324503,-5.69470198675496,3.20529801324503,3.00529801324504,8.70529801324503,-1.69470198675496,0.105298013245033,-2.59470198675496,5.80529801324504,4.30529801324504,6.20529801324503,4.80529801324504,3.20529801324503,1.00529801324504,3.30529801324504,2.20529801324503,-0.194701986754964,0.505298013245035,0.505298013245035,-0.294701986754966,1.70529801324503,1.20529801324503,NA,3.70529801324503,NA,NA,5.00529801324504,2.10529801324503,-0.694701986754964,-1.59470198675496,-0.394701986754967,-3.39470198675497,-3.09470198675496,-3.39470198675497,0.105298013245033,-1.49470198675497,-2.49470198675497,-0.794701986754966,-4.79470198675497,-4.29470198675497,-5.39470198675497,NA,1.70529801324503,-3.39470198675497,1.00529801324504,-1.39470198675497,-0.294701986754966,-3.59470198675496,-0.494701986754965,-0.594701986754966,-0.594701986754966,-2.69470198675496,1.50529801324504,1.60529801324503,-1.19470198675496,-1.49470198675497,1.30529801324504,9.20529801324503,-4.29470198675497,1.60529801324503,-3.49470198675497,-4.89470198675497,-2.49470198675497,-5.09470198675496,NA,-5.29470198675497,-4.49470198675497,NA,-0.694701986754964,NA,-0.0947019867549663,-1.79470198675497,2.00529801324504,-4.19470198675496,-1.69470198675496,-4.49470198675497,0.905298013245034,NA,-3.39470198675497,6.20529801324503,-0.794701986754966,4.50529801324504,-1.29470198675497,-1.09470198675496
"933902-H08",-4.38648648648649,-0.486486486486488,2.51351351351351,-0.486486486486488,1.81351351351351,NA,2.71351351351351,-2.98648648648648,-3.18648648648649,4.61351351351351,1.61351351351351,6.21351351351351,-1.48648648648648,NA,1.21351351351351,NA,0.313513513513513,-0.786486486486488,-1.38648648648649,5.71351351351351,2.51351351351351,-3.98648648648648,-2.88648648648649,-0.186486486486487,-0.986486486486484,-0.486486486486488,NA,-4.28648648648649,4.61351351351351,-3.78648648648649,4.61351351351351,0.313513513513513,-1.88648648648649,-0.286486486486488,0.413513513513514,1.01351351351351,2.71351351351351,-2.58648648648649,2.21351351351351,3.11351351351351,2.11351351351351,1.71351351351351,-3.18648648648649,2.61351351351351,-0.486486486486488,2.11351351351351,0.0135135135135123,11.2135135135135,NA,-0.286486486486488,-4.78648648648649,-2.18648648648649,-2.18648648648649,5.51351351351351,-2.98648648648648,2.11351351351351,2.01351351351351,-4.38648648648649,3.01351351351351,2.31351351351351,-2.68648648648649,1.71351351351351,-0.0864864864864856,-1.48648648648648,NA,4.21351351351351,7.41351351351351,-3.98648648648648,-4.68648648648649,NA,-3.98648648648648,-5.48648648648648,6.61351351351351,-1.18648648648649,-2.68648648648649,-3.08648648648649,7.31351351351351,-5.08648648648649,3.61351351351351,2.81351351351351,9.01351351351351,-2.78648648648649,-0.686486486486487,-3.68648648648649,4.11351351351351,4.21351351351351,6.51351351351351,6.01351351351351,2.41351351351351,1.01351351351351,4.31351351351351,3.81351351351351,-1.18648648648649,-1.48648648648648,-0.0864864864864856,-1.08648648648649,0.113513513513514,-0.186486486486487,-1.78648648648649,2.01351351351351,4.51351351351351,NA,5.01351351351351,0.813513513513513,-1.48648648648648,-3.58648648648649,0.313513513513513,-4.18648648648649,NA,-5.68648648648649,-1.18648648648649,-1.18648648648649,-2.58648648648649,-0.88648648648649,NA,NA,-4.78648648648649,NA,2.21351351351351,-3.48648648648648,-0.586486486486486,-0.986486486486484,1.01351351351351,-4.38648648648649,0.613513513513514,-1.48648648648648,-0.486486486486488,-3.88648648648649,1.31351351351351,1.51351351351351,-1.38648648648649,-0.88648648648649,1.51351351351351,10.2135135135135,-3.88648648648649,2.31351351351351,-4.98648648648648,-3.28648648648649,-3.88648648648649,-5.38648648648649,-3.28648648648649,-4.98648648648648,-3.18648648648649,NA,0.0135135135135123,NA,0.413513513513514,-1.28648648648649,2.51351351351351,-3.48648648648648,-0.386486486486486,NA,0.513513513513512,-4.38648648648649,-1.38648648648649,6.71351351351351,0.613513513513514,5.51351351351351,-0.986486486486484,-1.78648648648649
"947788-H05",-1.20201342281879,3.19798657718121,2.29798657718121,0.0979865771812101,2.09798657718121,NA,2.89798657718121,-3.90201342281879,-5.30201342281879,3.69798657718121,4.09798657718121,6.09798657718121,1.49798657718121,NA,-0.202013422818791,NA,-0.202013422818791,-1.30201342281879,-3.50201342281879,5.19798657718121,0.497986577181209,-3.40201342281879,-2.70201342281879,-1.10201342281879,-1.00201342281879,-1.40201342281879,NA,-3.30201342281879,4.49798657718121,-3.90201342281879,3.99798657718121,-1.70201342281879,-0.502013422818791,4.09798657718121,1.29798657718121,0.697986577181208,2.29798657718121,-2.90201342281879,2.09798657718121,3.09798657718121,2.09798657718121,0.0979865771812101,-5.80201342281879,5.09798657718121,1.69798657718121,2.89798657718121,0.497986577181209,11.5979865771812,-3.10201342281879,0.497986577181209,NA,-1.70201342281879,-3.60201342281879,6.59798657718121,-1.30201342281879,2.49798657718121,2.29798657718121,-4.40201342281879,3.29798657718121,2.29798657718121,-5.00201342281879,1.19798657718121,1.19798657718121,-0.90201342281879,NA,5.69798657718121,7.19798657718121,NA,-3.80201342281879,-2.10201342281879,-5.60201342281879,-5.80201342281879,7.19798657718121,-0.702013422818791,-3.20201342281879,-4.80201342281879,6.99798657718121,NA,2.09798657718121,2.59798657718121,8.79798657718121,-2.80201342281879,0.0979865771812101,-2.50201342281879,6.29798657718121,4.19798657718121,5.59798657718121,6.19798657718121,2.19798657718121,0.0979865771812101,2.19798657718121,2.09798657718121,-0.702013422818791,0.197986577181208,0.59798657718121,-1.20201342281879,0.697986577181208,0.297986577181209,-2.10201342281879,2.79798657718121,4.09798657718121,NA,4.09798657718121,2.99798657718121,-0.40201342281879,-1.00201342281879,0.297986577181209,-4.40201342281879,-3.20201342281879,-3.10201342281879,-1.50201342281879,-1.90201342281879,-2.50201342281879,-0.90201342281879,-5.10201342281879,-4.60201342281879,NA,-4.50201342281879,1.79798657718121,-4.80201342281879,1.09798657718121,-1.80201342281879,-0.802013422818792,-4.00201342281879,-0.202013422818791,-0.702013422818791,-0.90201342281879,-4.10201342281879,1.29798657718121,1.79798657718121,-1.70201342281879,-1.30201342281879,1.79798657718121,9.99798657718121,-5.70201342281879,2.29798657718121,-4.20201342281879,-3.40201342281879,-2.90201342281879,-4.90201342281879,-4.30201342281879,-5.90201342281879,-4.30201342281879,NA,0.0979865771812101,-4.60201342281879,-0.302013422818792,-2.10201342281879,2.39798657718121,-3.70201342281879,-0.302013422818792,-4.50201342281879,0.59798657718121,NA,-1.30201342281879,7.09798657718121,0.197986577181208,4.09798657718121,-3.50201342281879,-3.80201342281879
"926985-H02",-1.39863945578231,0.50136054421769,2.20136054421769,-0.398639455782313,2.00136054421769,-3.29863945578231,1.20136054421769,NA,-3.79863945578231,3.40136054421769,4.00136054421769,4.90136054421769,1.00136054421769,NA,-0.0986394557823118,-5.69863945578231,2.00136054421769,-0.49863945578231,-0.898639455782313,6.30136054421769,2.20136054421769,-1.39863945578231,-3.49863945578231,-1.79863945578231,-0.898639455782313,-0.298639455782311,-4.99863945578231,-3.79863945578231,3.20136054421769,NA,6.20136054421769,0.00136054421768961,-0.298639455782311,1.50136054421769,1.00136054421769,1.40136054421769,2.10136054421769,-3.29863945578231,1.80136054421769,2.60136054421769,2.60136054421769,0.901360544217688,-3.99863945578231,3.50136054421769,0.201360544217689,2.40136054421769,-1.29863945578231,9.50136054421769,-3.99863945578231,1.70136054421769,NA,-2.69863945578231,NA,4.80136054421769,-2.09863945578231,1.60136054421769,1.20136054421769,-4.69863945578231,3.00136054421769,0.80136054421769,-2.89863945578231,1.40136054421769,0.601360544217687,-0.598639455782312,NA,4.50136054421769,6.30136054421769,NA,-1.69863945578231,-2.59863945578231,-5.59863945578231,-3.29863945578231,5.60136054421769,-1.69863945578231,-3.79863945578231,-5.29863945578231,6.70136054421769,NA,3.40136054421769,2.40136054421769,9.20136054421769,-1.69863945578231,-0.298639455782311,-2.59863945578231,6.70136054421769,4.60136054421769,6.30136054421769,4.40136054421769,3.20136054421769,0.30136054421769,4.30136054421769,3.90136054421769,0.101360544217687,-0.49863945578231,-0.298639455782311,-1.69863945578231,-0.598639455782312,0.901360544217688,-1.99863945578231,3.10136054421769,4.00136054421769,NA,4.10136054421769,1.70136054421769,-1.09863945578231,-1.69863945578231,-1.09863945578231,-5.49863945578231,-4.59863945578231,-3.29863945578231,-0.798639455782311,-1.59863945578231,-1.89863945578231,0.101360544217687,-4.39863945578231,NA,-5.59863945578231,-5.49863945578231,1.70136054421769,-3.39863945578231,0.50136054421769,-1.89863945578231,0.701360544217689,-2.59863945578231,1.10136054421769,-0.298639455782311,0.601360544217687,-2.99863945578231,1.30136054421769,1.10136054421769,-0.998639455782314,-0.898639455782313,0.601360544217687,8.00136054421769,-5.29863945578231,1.30136054421769,-3.29863945578231,-5.49863945578231,-3.79863945578231,-3.39863945578231,NA,NA,-4.89863945578231,NA,-0.998639455782314,NA,0.101360544217687,-1.09863945578231,2.30136054421769,-4.39863945578231,-2.59863945578231,-4.99863945578231,0.101360544217687,NA,-4.49863945578231,5.40136054421769,-0.298639455782311,3.80136054421769,-0.998639455782314,0.30136054421769
"956253-H02",-2.24965517241379,1.35034482758621,1.95034482758621,0.450344827586207,2.85034482758621,-4.34965517241379,1.65034482758621,-4.04965517241379,-3.84965517241379,3.45034482758621,4.25034482758621,4.75034482758621,1.75034482758621,NA,1.45034482758621,NA,1.75034482758621,-0.449655172413792,-2.24965517241379,5.55034482758621,1.45034482758621,-1.14965517241379,-3.44965517241379,-1.14965517241379,-0.449655172413792,-0.649655172413794,-4.94965517241379,-3.64965517241379,2.05034482758621,-2.34965517241379,5.75034482758621,-0.249655172413792,-1.54965517241379,2.25034482758621,0.950344827586207,0.0503448275862084,2.05034482758621,-3.34965517241379,1.25034482758621,2.25034482758621,3.05034482758621,0.350344827586209,-2.54965517241379,3.75034482758621,-0.649655172413794,1.95034482758621,-1.14965517241379,9.05034482758621,-2.94965517241379,0.850344827586209,NA,-4.04965517241379,-4.74965517241379,4.45034482758621,-2.84965517241379,1.45034482758621,1.55034482758621,NA,2.65034482758621,1.65034482758621,-2.54965517241379,0.65034482758621,0.850344827586209,-0.649655172413794,NA,3.95034482758621,5.65034482758621,-3.64965517241379,-2.24965517241379,-2.24965517241379,-4.14965517241379,-3.84965517241379,5.45034482758621,-1.94965517241379,-4.14965517241379,NA,6.35034482758621,NA,3.05034482758621,2.15034482758621,7.95034482758621,-2.84965517241379,-0.249655172413792,NA,5.85034482758621,3.75034482758621,5.25034482758621,4.05034482758621,2.35034482758621,-0.049655172413793,2.95034482758621,2.35034482758621,-0.34965517241379,-0.049655172413793,-0.049655172413793,-1.34965517241379,-0.249655172413792,0.0503448275862084,-1.74965517241379,2.35034482758621,3.05034482758621,NA,3.35034482758621,1.15034482758621,-1.34965517241379,-1.34965517241379,-1.44965517241379,-5.04965517241379,-4.64965517241379,-2.64965517241379,-0.949655172413792,-1.74965517241379,-2.54965517241379,-1.24965517241379,-4.54965517241379,-4.14965517241379,-5.14965517241379,-3.44965517241379,0.850344827586209,-3.04965517241379,0.350344827586209,1.95034482758621,1.15034482758621,-3.04965517241379,0.950344827586207,0.350344827586209,1.05034482758621,-1.24965517241379,1.35034482758621,0.0503448275862084,-1.24965517241379,-1.64965517241379,0.250344827586208,8.45034482758621,NA,1.75034482758621,-0.649655172413794,NA,-2.34965517241379,-1.74965517241379,-3.14965517241379,NA,NA,-4.74965517241379,-1.44965517241379,NA,-0.34965517241379,-2.14965517241379,0.850344827586209,NA,-3.54965517241379,NA,0.750344827586208,NA,-3.14965517241379,5.05034482758621,-2.24965517241379,2.65034482758621,-3.04965517241379,-0.949655172413792
"957779-H03",-1.54961240310078,1.85038759689922,2.05038759689922,-1.44961240310078,0.750387596899223,NA,1.75038759689922,NA,-2.14961240310078,3.55038759689922,2.55038759689922,4.85038759689922,0.150387596899222,NA,1.85038759689922,NA,0.55038759689922,-1.04961240310078,-2.84961240310078,4.65038759689922,0.850387596899221,NA,-3.54961240310078,-1.94961240310078,-0.44961240310078,-4.04961240310078,NA,NA,3.15038759689922,-3.04961240310078,3.85038759689922,0.150387596899222,0.650387596899222,3.25038759689922,0.250387596899223,-0.149612403100775,0.250387596899223,-2.54961240310078,0.950387596899223,2.65038759689922,0.650387596899222,-0.349612403100778,NA,4.15038759689922,-0.749612403100777,1.15038759689922,-0.549612403100781,9.85038759689922,-2.94961240310078,-0.749612403100777,NA,-4.04961240310078,-2.44961240310078,4.55038759689922,-2.34961240310078,0.650387596899222,0.450387596899223,NA,1.55038759689922,1.45038759689922,-1.44961240310078,0.850387596899221,-0.44961240310078,-4.04961240310078,NA,4.65038759689922,6.25038759689922,-3.84961240310078,-3.84961240310078,-3.54961240310078,-3.44961240310078,NA,5.95038759689922,-1.94961240310078,-2.94961240310078,-4.34961240310078,6.05038759689922,NA,1.75038759689922,2.45038759689922,8.35038759689922,-3.04961240310078,-0.44961240310078,-4.34961240310078,5.15038759689922,2.75038759689922,4.65038759689922,4.65038759689922,0.750387596899223,-0.549612403100781,2.35038759689922,2.65038759689922,-1.94961240310078,-3.44961240310078,0.850387596899221,-0.349612403100778,1.15038759689922,-2.64961240310078,-0.749612403100777,0.750387596899223,2.95038759689922,NA,3.35038759689922,0.450387596899223,-1.34961240310078,-3.44961240310078,0.0503875968992205,NA,NA,NA,-1.84961240310078,-3.34961240310078,-2.44961240310078,-2.04961240310078,-4.84961240310078,-4.64961240310078,-4.54961240310078,NA,1.25038759689922,-2.24961240310078,-0.94961240310078,0.450387596899223,NA,NA,NA,NA,-1.84961240310078,NA,-0.749612403100777,0.350387596899221,-0.44961240310078,-1.54961240310078,0.55038759689922,9.45038759689922,NA,0.450387596899223,NA,NA,NA,NA,NA,-4.84961240310078,NA,-3.34961240310078,-0.649612403100775,NA,-0.049612403100781,NA,0.850387596899221,-4.14961240310078,-1.44961240310078,-4.04961240310078,-0.94961240310078,NA,-2.74961240310078,5.65038759689922,-1.74961240310078,4.35038759689922,-1.84961240310078,-0.94961240310078
"956254-H02",-3.7354609929078,2.3645390070922,0.964539007092199,-0.835460992907798,0.664539007092198,NA,2.8645390070922,-3.1354609929078,-2.8354609929078,4.9645390070922,3.5645390070922,6.0645390070922,1.1645390070922,NA,-0.135460992907802,NA,0.464539007092199,-0.0354609929078009,-0.0354609929078009,4.4645390070922,0.664539007092198,-3.7354609929078,-4.2354609929078,-0.235460992907804,-1.9354609929078,-4.0354609929078,NA,-3.5354609929078,4.4645390070922,-4.1354609929078,4.1645390070922,-0.335460992907798,1.3645390070922,5.8645390070922,0.964539007092199,0.464539007092199,0.664539007092198,-2.5354609929078,2.6645390070922,1.3645390070922,1.4645390070922,0.164539007092198,-2.8354609929078,4.1645390070922,-2.2354609929078,2.2645390070922,1.8645390070922,11.4645390070922,NA,-0.235460992907804,NA,-2.7354609929078,-2.8354609929078,5.9645390070922,-2.0354609929078,2.3645390070922,1.8645390070922,NA,1.4645390070922,1.4645390070922,-2.4354609929078,-1.1354609929078,-0.935460992907799,-1.8354609929078,-4.6354609929078,6.1645390070922,7.7645390070922,NA,-4.1354609929078,-1.9354609929078,-3.6354609929078,-4.0354609929078,7.2645390070922,-0.135460992907802,-2.6354609929078,-5.0354609929078,6.4645390070922,-3.3354609929078,1.6645390070922,2.2645390070922,5.7645390070922,-2.9354609929078,1.3645390070922,-1.9354609929078,4.7645390070922,2.2645390070922,4.2645390070922,6.2645390070922,0.864539007092198,0.164539007092198,1.3645390070922,1.2645390070922,-3.0354609929078,-1.4354609929078,0.464539007092199,0.864539007092198,1.2645390070922,-0.935460992907799,-3.2354609929078,1.1645390070922,2.2645390070922,NA,4.2645390070922,1.5645390070922,0.164539007092198,-1.1354609929078,0.964539007092199,-3.7354609929078,NA,NA,-1.0354609929078,-3.5354609929078,-2.6354609929078,-0.535460992907801,NA,-4.3354609929078,-4.6354609929078,-4.5354609929078,0.364539007092198,-1.2354609929078,-3.2354609929078,-2.2354609929078,-3.1354609929078,-4.4354609929078,-3.1354609929078,-2.3354609929078,NA,-4.8354609929078,0.164539007092198,1.6645390070922,-0.435460992907799,-1.9354609929078,1.7645390070922,11.7645390070922,NA,2.6645390070922,NA,-2.2354609929078,-4.5354609929078,-3.2354609929078,-2.1354609929078,NA,-4.0354609929078,NA,-2.9354609929078,NA,-1.6354609929078,-3.1354609929078,1.9645390070922,-3.5354609929078,-0.0354609929078009,-4.5354609929078,0.164539007092198,NA,-1.7354609929078,6.9645390070922,-0.135460992907802,5.6645390070922,-3.1354609929078,-2.9354609929078
"925494-H04",-2.23904109589041,1.16095890410959,2.16095890410959,-0.0390410958904113,2.26095890410959,-4.83904109589042,1.56095890410959,-4.93904109589041,-3.43904109589041,3.36095890410959,4.26095890410959,4.76095890410959,1.66095890410959,NA,0.160958904109588,-5.23904109589041,0.860958904109587,-1.93904109589041,-1.23904109589041,4.26095890410959,0.160958904109588,-0.93904109589041,-1.53904109589041,-0.439041095890413,-1.03904109589041,-0.639041095890413,NA,-2.93904109589041,2.86095890410959,-3.33904109589042,4.66095890410959,-4.73904109589041,0.0609589041095866,3.36095890410959,0.560958904109587,0.760958904109586,2.36095890410959,-1.73904109589041,2.56095890410959,2.06095890410959,0.360958904109587,-0.639041095890413,-4.83904109589042,4.96095890410959,0.460958904109589,1.86095890410959,0.260958904109586,9.46095890410959,-4.03904109589041,0.860958904109587,-5.43904109589041,-3.33904109589042,NA,4.96095890410959,-2.63904109589041,1.86095890410959,1.56095890410959,-4.53904109589041,2.36095890410959,0.360958904109587,-4.83904109589042,1.16095890410959,1.46095890410959,0.260958904109586,NA,4.66095890410959,6.16095890410959,NA,-2.13904109589041,-4.73904109589041,NA,NA,5.76095890410959,-0.339041095890412,-3.13904109589041,-5.13904109589041,6.86095890410959,NA,3.16095890410959,-1.03904109589041,8.56095890410959,-2.13904109589041,0.660958904109588,-3.33904109589042,5.96095890410959,3.66095890410959,5.36095890410959,4.46095890410959,2.16095890410959,-0.0390410958904113,2.76095890410959,1.66095890410959,-0.539041095890411,0.160958904109588,-0.139041095890413,-0.639041095890413,0.360958904109587,-0.439041095890413,-2.43904109589041,2.16095890410959,3.16095890410959,NA,3.26095890410959,2.36095890410959,-0.439041095890413,-0.639041095890413,0.360958904109587,-2.53904109589041,-2.33904109589042,-3.23904109589041,-0.339041095890412,-1.53904109589041,-4.93904109589041,-0.0390410958904113,-2.63904109589041,-5.33904109589042,NA,-4.93904109589041,1.56095890410959,-3.33904109589042,-0.739041095890414,-1.03904109589041,1.36095890410959,-3.13904109589041,1.26095890410959,-0.239041095890414,0.660958904109588,-1.63904109589041,1.66095890410959,1.36095890410959,-0.639041095890413,-1.43904109589041,1.26095890410959,9.36095890410959,-5.13904109589041,2.16095890410959,-2.23904109589041,-4.53904109589041,-2.93904109589041,-1.93904109589041,-3.33904109589042,NA,-4.73904109589041,NA,-0.93904109589041,NA,0.160958904109588,-2.23904109589041,1.56095890410959,-5.03904109589041,-1.83904109589042,NA,0.860958904109587,-4.33904109589042,-4.33904109589042,5.86095890410959,-0.239041095890414,4.06095890410959,-1.43904109589041,-0.639041095890413
"960050-H02",-1.58695652173913,0.61304347826087,1.81304347826087,0.0130434782608688,1.91304347826087,NA,1.61304347826087,NA,-1.18695652173913,3.31304347826087,3.31304347826087,4.51304347826087,0.913043478260871,-4.38695652173913,1.11304347826087,NA,0.513043478260869,-0.38695652173913,-1.08695652173913,5.31304347826087,0.913043478260871,-3.88695652173913,-2.18695652173913,-2.98695652173913,-0.786956521739128,-1.68695652173913,-3.08695652173913,-4.08695652173913,2.91304347826087,-1.78695652173913,5.31304347826087,0.413043478260871,0.0130434782608688,2.51304347826087,1.21304347826087,1.11304347826087,0.61304347826087,-2.58695652173913,1.41304347826087,3.91304347826087,1.61304347826087,-0.686956521739127,-3.18695652173913,4.31304347826087,0.11304347826087,1.01304347826087,-0.686956521739127,9.21304347826087,NA,0.61304347826087,NA,-4.68695652173913,-3.78695652173913,4.21304347826087,-2.18695652173913,1.41304347826087,0.61304347826087,NA,1.61304347826087,1.91304347826087,-3.88695652173913,0.913043478260871,0.0130434782608688,-1.78695652173913,NA,4.31304347826087,5.61304347826087,-3.98695652173913,-2.08695652173913,-3.08695652173913,-2.38695652173913,-3.38695652173913,5.31304347826087,-1.58695652173913,-4.58695652173913,NA,6.41304347826087,NA,1.61304347826087,3.01304347826087,8.51304347826087,-1.58695652173913,-0.38695652173913,-3.28695652173913,5.61304347826087,3.21304347826087,5.01304347826087,4.11304347826087,1.61304347826087,0.31304347826087,2.61304347826087,2.31304347826087,-0.88695652173913,-1.78695652173913,1.31304347826087,-0.88695652173913,0.81304347826087,-2.08695652173913,-3.08695652173913,1.71304347826087,2.41304347826087,NA,3.41304347826087,1.11304347826087,-1.38695652173913,-1.48695652173913,-0.786956521739128,-4.68695652173913,NA,NA,-2.48695652173913,-2.98695652173913,-1.18695652173913,-0.786956521739128,NA,-3.78695652173913,NA,NA,0.913043478260871,-2.78695652173913,-1.18695652173913,1.41304347826087,-1.88695652173913,NA,-1.48695652173913,-4.08695652173913,-2.68695652173913,NA,0.413043478260871,0.413043478260871,0.11304347826087,-1.68695652173913,0.913043478260871,9.21304347826087,NA,1.31304347826087,NA,NA,-3.98695652173913,-3.78695652173913,-1.68695652173913,NA,-3.98695652173913,NA,-1.68695652173913,-3.88695652173913,-0.586956521739133,-3.48695652173913,0.413043478260871,-3.78695652173913,-2.48695652173913,NA,0.31304347826087,NA,-3.78695652173913,5.11304347826087,-1.18695652173913,4.01304347826087,-0.586956521739133,-2.08695652173913
"940643-H05",-3.40138888888889,1.69861111111111,1.89861111111111,-0.801388888888887,1.29861111111111,NA,2.09861111111111,NA,-3.70138888888889,3.99861111111111,4.09861111111111,6.09861111111111,1.29861111111111,NA,-0.401388888888889,NA,-0.401388888888889,-2.20138888888889,-1.90138888888889,4.79861111111111,0.998611111111114,-2.90138888888889,-1.70138888888889,-0.901388888888889,-1.20138888888889,-4.60138888888888,-5.00138888888889,-4.90138888888889,3.99861111111111,-3.40138888888889,4.69861111111111,0.798611111111114,0.498611111111114,4.99861111111111,-0.101388888888888,0.398611111111112,1.19861111111111,-1.90138888888889,2.19861111111111,4.29861111111111,2.19861111111111,-0.601388888888888,-5.10138888888888,5.49861111111111,1.29861111111111,2.19861111111111,1.09861111111111,10.5986111111111,-2.70138888888889,1.29861111111111,NA,-3.40138888888889,-2.50138888888889,5.29861111111111,-2.00138888888889,2.29861111111111,2.09861111111111,NA,2.09861111111111,1.99861111111111,-3.50138888888889,0.398611111111112,0.598611111111111,-1.70138888888889,NA,5.59861111111111,7.29861111111111,NA,-5.00138888888889,NA,-4.70138888888889,-4.50138888888889,6.99861111111111,-0.301388888888887,-2.60138888888888,NA,6.39861111111111,NA,2.49861111111111,2.99861111111111,8.59861111111111,-2.40138888888889,0.398611111111112,-4.50138888888889,5.09861111111111,2.89861111111111,5.19861111111111,5.59861111111111,1.09861111111111,0.398611111111112,2.29861111111111,2.09861111111111,-1.50138888888889,-1.30138888888889,1.09861111111111,0.398611111111112,0.898611111111112,-0.901388888888889,-2.40138888888889,1.29861111111111,2.59861111111111,NA,3.99861111111111,1.69861111111111,-0.601388888888888,-1.10138888888888,0.498611111111114,-2.70138888888889,-4.00138888888889,-3.60138888888888,-0.501388888888886,-2.10138888888888,-2.10138888888888,-2.00138888888889,-3.10138888888888,-3.80138888888889,-5.40138888888889,-3.90138888888889,1.39861111111111,-2.10138888888888,-1.30138888888889,-1.60138888888888,-1.50138888888889,-3.80138888888889,-1.20138888888889,-2.60138888888888,-2.30138888888889,-4.20138888888889,0.998611111111114,0.898611111111112,-0.201388888888886,-1.80138888888889,1.29861111111111,10.4986111111111,-4.10138888888888,2.09861111111111,-3.50138888888889,-2.50138888888889,NA,-5.40138888888889,-4.20138888888889,NA,NA,NA,-0.201388888888886,NA,-0.901388888888889,-2.50138888888889,1.69861111111111,-3.00138888888889,-0.901388888888889,-5.80138888888889,0.498611111111114,-5.40138888888889,-1.70138888888889,6.39861111111111,-0.401388888888889,4.49861111111111,-1.90138888888889,-2.00138888888889
"921893-H08",-2.19862068965517,1.00137931034483,2.10137931034483,-0.198620689655172,1.90137931034483,-4.19862068965517,1.60137931034483,NA,-2.39862068965517,3.20137931034483,3.80137931034483,4.70137931034483,1.10137931034483,NA,1.90137931034483,-4.09862068965517,1.20137931034483,0.501379310344827,0.401379310344826,5.10137931034483,0.801379310344828,NA,-1.89862068965517,-1.59862068965517,-1.19862068965517,-1.09862068965517,NA,-3.69862068965517,3.80137931034483,-3.19862068965517,4.90137931034483,0.401379310344826,0.301379310344828,2.70137931034483,0.701379310344826,0.501379310344827,1.80137931034483,-2.29862068965517,2.00137931034483,3.10137931034483,2.10137931034483,1.30137931034483,-2.29862068965517,4.40137931034483,-0.0986206896551742,2.00137931034483,-0.898620689655175,9.00137931034483,-3.99862068965518,0.801379310344828,NA,-2.29862068965517,-4.19862068965517,4.40137931034483,-3.09862068965517,1.40137931034483,0.901379310344826,-4.59862068965517,1.90137931034483,1.00137931034483,-1.69862068965517,1.20137931034483,1.20137931034483,-2.99862068965518,NA,4.00137931034483,5.80137931034483,-3.99862068965518,-4.69862068965517,NA,-4.39862068965517,-2.99862068965518,5.70137931034483,-0.998620689655176,-3.99862068965518,-3.09862068965517,6.50137931034483,-5.09862068965517,2.50137931034483,2.20137931034483,8.50137931034483,-1.69862068965517,0.401379310344826,-3.59862068965517,5.90137931034483,3.60137931034483,5.40137931034483,4.10137931034483,2.00137931034483,0.201379310344826,2.80137931034483,2.60137931034483,-0.798620689655174,-1.09862068965517,1.00137931034483,-1.19862068965517,0.501379310344827,-0.698620689655172,-1.49862068965518,1.70137931034483,2.80137931034483,NA,4.00137931034483,2.00137931034483,-0.698620689655172,-1.99862068965518,-1.09862068965517,-4.49862068965518,-5.09862068965517,-4.69862068965517,-1.19862068965517,-1.99862068965518,-1.39862068965517,-1.09862068965517,-3.99862068965518,-3.29862068965517,-3.89862068965517,NA,1.70137931034483,-2.19862068965517,-2.19862068965517,-0.598620689655171,-0.798620689655174,-3.59862068965517,-0.0986206896551742,-1.79862068965517,-1.09862068965517,-1.89862068965517,0.901379310344826,0.901379310344826,0.401379310344826,-1.29862068965517,0.701379310344826,8.90137931034483,NA,1.80137931034483,-2.89862068965517,-3.59862068965517,-4.29862068965517,-3.29862068965517,-2.19862068965517,NA,NA,NA,-1.09862068965517,NA,-0.0986206896551742,-2.49862068965518,1.40137931034483,-4.79862068965517,-1.59862068965517,NA,-0.0986206896551742,-4.69862068965517,-3.49862068965518,5.50137931034483,-0.498620689655176,4.10137931034483,-0.798620689655174,-0.998620689655176
"924436-H07",-3.42013888888889,1.57986111111111,1.77986111111111,-0.120138888888889,0.879861111111111,-2.12013888888889,1.97986111111111,-5.32013888888889,-4.32013888888889,3.47986111111111,4.17986111111111,4.47986111111111,1.57986111111111,NA,-0.920138888888889,NA,0.579861111111111,-2.52013888888889,-2.92013888888889,4.57986111111111,0.679861111111112,-1.82013888888889,-0.520138888888891,0.379861111111111,NA,-2.02013888888889,-5.12013888888889,NA,2.37986111111111,NA,4.37986111111111,0.879861111111111,0.0798611111111107,3.87986111111111,-1.42013888888889,-0.120138888888889,2.37986111111111,-3.72013888888889,2.67986111111111,1.77986111111111,1.57986111111111,-0.920138888888889,-4.82013888888889,4.77986111111111,0.0798611111111107,0.979861111111113,-0.220138888888886,8.87986111111111,-1.62013888888889,0.879861111111111,NA,-4.22013888888889,NA,4.97986111111111,-2.82013888888889,1.57986111111111,1.17986111111111,NA,1.97986111111111,0.779861111111114,-2.82013888888889,0.879861111111111,1.77986111111111,1.67986111111111,-3.92013888888889,4.57986111111111,6.07986111111111,-5.22013888888889,-3.52013888888889,-0.820138888888888,-4.32013888888889,NA,5.17986111111111,-0.0201388888888872,NA,NA,5.77986111111111,NA,3.67986111111111,1.67986111111111,8.47986111111111,-3.32013888888889,2.67986111111111,-0.420138888888889,5.87986111111111,3.57986111111111,5.17986111111111,4.07986111111111,1.37986111111111,-0.820138888888888,2.87986111111111,1.47986111111111,-1.02013888888889,-0.320138888888888,1.57986111111111,0.479861111111113,1.77986111111111,-0.820138888888888,-2.92013888888889,1.47986111111111,2.47986111111111,NA,3.17986111111111,1.57986111111111,0.379861111111111,-1.12013888888889,1.27986111111111,-1.12013888888889,-4.52013888888889,-3.12013888888889,-0.120138888888889,-3.02013888888889,-2.22013888888889,-0.320138888888888,-0.220138888888886,NA,-2.52013888888889,-2.52013888888889,0.479861111111113,-2.52013888888889,-1.52013888888889,-2.32013888888889,-0.720138888888886,NA,-0.220138888888886,-1.92013888888889,-0.920138888888889,-4.22013888888889,1.17986111111111,1.87986111111111,-0.620138888888885,-1.82013888888889,0.379861111111111,10.0798611111111,NA,2.07986111111111,-2.42013888888889,NA,-2.92013888888889,-1.62013888888889,-1.52013888888889,-5.22013888888889,-3.42013888888889,NA,-1.52013888888889,NA,-1.32013888888889,-4.12013888888889,0.779861111111114,-4.82013888888889,-2.52013888888889,-3.82013888888889,1.87986111111111,-3.62013888888889,-2.92013888888889,4.87986111111111,-1.12013888888889,4.37986111111111,-3.02013888888889,NA
"936677-H08",-1.63379310344827,-0.333793103448276,1.96620689655172,0.466206896551725,0.366206896551727,-3.63379310344827,1.76620689655173,-4.23379310344827,-4.13379310344827,3.46620689655172,4.46620689655172,4.16620689655172,1.36620689655173,NA,0.466206896551725,NA,-0.133793103448273,-0.833793103448276,-1.23379310344827,4.06620689655173,-0.233793103448274,NA,-1.03379310344827,0.266206896551726,-1.93379310344828,-4.43379310344828,NA,-4.33379310344828,2.76620689655173,-3.83379310344828,5.26620689655173,1.76620689655173,1.66620689655172,3.66620689655172,-0.733793103448274,0.766206896551726,2.26620689655173,-3.23379310344827,2.16620689655172,1.46620689655172,2.16620689655172,0.0662068965517264,-4.33379310344828,4.66620689655172,-0.133793103448273,1.16620689655172,-1.13379310344827,8.16620689655172,-1.53379310344827,0.666206896551724,0.866206896551727,-1.93379310344828,-3.93379310344828,4.56620689655173,-2.93379310344828,1.46620689655172,0.966206896551725,-4.13379310344827,1.46620689655172,0.866206896551727,-4.83379310344828,1.06620689655173,2.06620689655173,1.56620689655173,-4.83379310344828,4.26620689655173,5.96620689655172,-4.03379310344827,-4.13379310344827,NA,-2.43379310344828,NA,4.66620689655172,-0.833793103448276,NA,NA,5.96620689655172,-3.53379310344827,3.86620689655173,2.16620689655172,9.56620689655173,-2.73379310344827,2.46620689655172,-0.833793103448276,5.96620689655172,3.76620689655173,4.86620689655173,3.66620689655172,1.26620689655173,-0.333793103448276,2.46620689655172,1.86620689655173,-0.933793103448277,-0.933793103448277,1.76620689655173,-0.233793103448274,1.16620689655172,-0.033793103448275,-2.93379310344828,1.56620689655173,2.56620689655173,2.16620689655172,3.56620689655173,1.96620689655172,0.166206896551724,-0.533793103448271,0.666206896551724,-0.833793103448276,-0.633793103448273,-4.43379310344828,-1.13379310344827,-3.23379310344827,-0.633793103448273,-0.833793103448276,-1.23379310344827,-4.43379310344828,-4.63379310344827,NA,1.26620689655173,-1.93379310344828,-1.33379310344828,-1.93379310344828,-1.83379310344828,NA,-2.93379310344828,-3.03379310344827,-1.63379310344827,NA,1.56620689655173,1.46620689655172,-0.133793103448273,-0.933793103448277,0.266206896551726,8.86620689655173,-5.13379310344827,1.66620689655172,-4.33379310344828,NA,-2.63379310344827,-3.93379310344828,-0.933793103448277,NA,-4.13379310344827,NA,-0.733793103448274,NA,-0.433793103448277,-2.73379310344827,0.666206896551724,NA,-2.03379310344827,-4.13379310344827,1.86620689655173,-4.73379310344827,-3.53379310344827,0.0662068965517264,-1.03379310344827,3.86620689655173,-1.93379310344828,-1.73379310344827
"925849-H08",-2.526,0.173999999999999,2.074,-0.625999999999998,0.374000000000002,-3.826,1.874,NA,-4.42599999999999,4.074,4.274,4.474,1.574,-4.626,0.474000000000004,NA,-1.626,0.173999999999999,-1.526,4.574,0.374000000000002,-2.826,-0.625999999999998,-0.225999999999999,-2.226,-1.726,NA,NA,3.074,-2.126,4.974,2.574,1.374,3.174,-0.725999999999999,0.674000000000003,1.874,-3.226,2.374,1.274,1.674,-0.725999999999999,-3.126,4.874,-0.525999999999996,0.474000000000004,-1.126,8.774,-1.226,0.374000000000002,NA,-4.326,-3.726,4.874,-2.326,1.474,0.574000000000002,NA,2.174,1.374,-3.526,1.274,1.574,0.774000000000001,-2.526,4.574,5.974,-3.126,-2.726,-0.725999999999999,-2.42599999999999,-2.92599999999999,4.574,-0.826000000000001,-3.326,NA,5.474,-4.42599999999999,3.574,2.574,9.674,-1.726,2.574,-1.42599999999999,5.974,3.574,4.674,3.874,1.174,-0.225999999999999,2.974,1.974,-1.726,-2.126,1.874,0.0740000000000052,1.674,-1.526,-2.92599999999999,1.274,2.574,NA,3.374,0.774000000000001,0.374000000000002,-1.626,0.874000000000002,-1.42599999999999,-4.526,-2.826,-0.125999999999998,-2.42599999999999,0.374000000000002,-0.725999999999999,-2.026,NA,-2.326,-1.526,1.074,-1.026,-1.126,-2.326,-0.525999999999996,-4.126,-1.526,-2.226,-0.925999999999995,-4.526,1.474,1.474,0.0740000000000052,-0.826000000000001,0.574000000000002,10.374,NA,1.174,-2.92599999999999,NA,-3.42599999999999,-2.526,-0.425999999999995,NA,-4.226,-3.126,-0.625999999999998,-3.42599999999999,-1.226,-3.126,0.674000000000003,-3.726,-1.526,-3.92599999999999,1.874,NA,-3.226,5.074,-0.525999999999996,4.374,-0.625999999999998,-2.92599999999999
"913851-H02",-2.08026315789474,-0.180263157894739,2.41973684210526,-0.880263157894738,NA,NA,2.01973684210526,NA,NA,-4.58026315789474,4.11973684210526,4.81973684210526,1.51973684210526,NA,0.719736842105263,-5.08026315789474,-0.0802631578947377,-1.18026315789474,-1.88026315789474,4.61973684210526,0.819736842105261,-1.38026315789474,-0.580263157894741,0.619736842105262,-1.18026315789474,-2.68026315789474,-4.98026315789474,-5.28026315789474,2.81973684210526,-3.38026315789474,5.31973684210526,1.61973684210526,1.81973684210526,4.51973684210526,0.319736842105261,0.919736842105262,2.61973684210526,-1.08026315789474,3.01973684210526,2.01973684210526,2.31973684210526,-0.280263157894737,-3.18026315789474,5.41973684210526,0.319736842105261,1.71973684210526,0.419736842105262,9.31973684210526,-2.28026315789474,1.51973684210526,NA,-3.28026315789474,NA,5.51973684210526,-1.28026315789474,1.71973684210526,1.11973684210526,-4.38026315789474,1.81973684210526,1.01973684210526,-4.68026315789474,1.31973684210526,2.61973684210526,1.31973684210526,-4.88026315789474,5.11973684210526,6.91973684210526,-4.58026315789474,-4.78026315789474,-3.38026315789474,-4.18026315789474,-5.08026315789474,5.61973684210526,-0.48026315789474,-1.88026315789474,NA,6.51973684210526,NA,3.71973684210526,2.01973684210526,10.0197368421053,-1.18026315789474,2.31973684210526,-1.08026315789474,6.21973684210526,3.71973684210526,5.31973684210526,5.11973684210526,1.51973684210526,0.0197368421052602,3.11973684210526,2.11973684210526,-0.280263157894737,-0.180263157894739,2.01973684210526,0.0197368421052602,1.71973684210526,-0.680263157894736,-5.18026315789474,1.81973684210526,2.61973684210526,NA,3.41973684210526,1.51973684210526,0.219736842105263,-0.48026315789474,1.11973684210526,-3.18026315789474,-4.08026315789474,-1.78026315789474,0.219736842105263,-3.68026315789474,-0.380263157894738,-0.48026315789474,-0.780263157894737,-3.88026315789474,-2.78026315789474,-4.08026315789474,0.819736842105261,-0.580263157894741,-1.28026315789474,-3.28026315789474,0.219736842105263,-5.38026315789474,0.919736842105262,-1.28026315789474,-0.180263157894739,-1.98026315789474,1.41973684210526,1.41973684210526,1.31973684210526,-1.08026315789474,2.01973684210526,10.6197368421053,-3.98026315789474,2.41973684210526,-1.68026315789474,-4.78026315789474,-2.68026315789474,-0.580263157894741,-3.68026315789474,NA,-3.48026315789474,NA,-0.180263157894739,-1.48026315789474,-0.180263157894739,-3.28026315789474,1.61973684210526,-3.98026315789474,-1.68026315789474,NA,2.31973684210526,-3.58026315789474,-1.98026315789474,5.61973684210526,0.0197368421052602,3.41973684210526,NA,NA
"921849-H06",-2.28867924528302,-1.38867924528302,2.41132075471698,0.711320754716979,1.31132075471698,-2.68867924528302,2.51132075471698,-4.38867924528302,-5.48867924528302,4.51132075471698,4.71132075471698,5.01132075471698,2.31132075471698,-4.88867924528302,-0.0886792452830178,-5.68867924528302,-0.588679245283018,-2.18867924528302,0.311320754716981,4.41132075471698,0.51132075471698,-1.78867924528302,-0.48867924528302,1.11132075471698,-1.58867924528302,-2.18867924528302,NA,-5.48867924528302,3.41132075471698,-2.58867924528302,5.71132075471698,3.01132075471698,2.61132075471698,4.41132075471698,1.81132075471698,0.711320754716979,2.31132075471698,-1.28867924528302,3.01132075471698,1.51132075471698,2.01132075471698,0.311320754716981,-3.08867924528302,5.81132075471698,-0.388679245283019,2.11132075471698,0.111320754716981,9.61132075471698,-1.88867924528302,2.21132075471698,-4.38867924528302,-3.88867924528302,-4.58867924528302,5.31132075471698,-1.28867924528302,1.61132075471698,1.11132075471698,-4.48867924528302,2.11132075471698,1.51132075471698,-3.28867924528302,1.91132075471698,1.91132075471698,0.711320754716979,-3.48867924528302,5.51132075471698,6.81132075471698,NA,-3.58867924528302,-3.98867924528302,-4.98867924528302,-2.58867924528302,5.51132075471698,-1.38867924528302,-2.78867924528302,NA,6.51132075471698,NA,3.71132075471698,3.01132075471698,9.91132075471698,-0.388679245283019,3.11132075471698,-0.888679245283022,6.51132075471698,3.81132075471698,5.51132075471698,4.91132075471698,1.81132075471698,0.811320754716981,3.31132075471698,2.81132075471698,-0.988679245283016,-1.28867924528302,2.81132075471698,0.811320754716981,2.31132075471698,-0.888679245283022,-3.98867924528302,2.11132075471698,2.71132075471698,-4.28867924528302,4.11132075471698,1.61132075471698,0.811320754716981,-1.58867924528302,1.61132075471698,-1.28867924528302,-3.98867924528302,-4.48867924528302,0.311320754716981,-2.28867924528302,1.21132075471698,-0.48867924528302,-1.58867924528302,-5.48867924528302,-3.68867924528302,-2.88867924528302,2.01132075471698,-0.588679245283018,-0.988679245283016,-2.48867924528302,-0.988679245283016,-5.18867924528302,-1.48867924528302,-1.88867924528302,-4.48867924528302,-4.58867924528302,2.01132075471698,2.41132075471698,2.51132075471698,-0.388679245283019,1.71132075471698,11.211320754717,NA,1.81132075471698,-2.68867924528302,-3.48867924528302,-4.38867924528302,-2.38867924528302,-2.68867924528302,-4.78867924528302,-3.38867924528302,NA,-0.188679245283019,-4.28867924528302,-0.188679245283019,-2.08867924528302,1.71132075471698,-3.88867924528302,-0.48867924528302,-2.38867924528302,2.21132075471698,-4.28867924528302,-2.58867924528302,5.61132075471698,0.111320754716981,5.11132075471698,-1.18867924528302,-1.78867924528302
"921970-H05",-1.55696969696969,3.1430303030303,1.7430303030303,-0.756969696969698,-0.256969696969698,-2.1569696969697,3.1430303030303,-5.6569696969697,-3.3569696969697,5.5430303030303,4.5430303030303,6.44303030303031,2.0430303030303,-4.7569696969697,1.8430303030303,NA,-0.256969696969698,-0.156969696969696,-5.3569696969697,5.2430303030303,1.6430303030303,-1.4569696969697,0.043030303030303,1.6430303030303,-0.856969696969696,-2.55696969696969,-5.1569696969697,-5.8569696969697,4.7430303030303,-2.8569696969697,4.7430303030303,1.44303030303031,1.8430303030303,6.44303030303031,0.743030303030302,0.143030303030304,2.44303030303031,-1.2569696969697,3.3430303030303,1.7430303030303,-0.0569696969696949,0.143030303030304,-2.6569696969697,6.6430303030303,1.5430303030303,2.2430303030303,2.2430303030303,11.6430303030303,-1.2569696969697,1.2430303030303,-3.6569696969697,-3.2569696969697,-2.3569696969697,6.8430303030303,-0.556969696969695,2.8430303030303,2.44303030303031,-5.1569696969697,2.6430303030303,2.8430303030303,-2.2569696969697,-0.356969696969696,2.0430303030303,1.1430303030303,-4.6569696969697,6.5430303030303,8.1430303030303,-4.7569696969697,-3.55696969696969,-2.2569696969697,-4.55696969696969,-4.2569696969697,7.3430303030303,1.3430303030303,-2.45696969696969,-5.55696969696969,7.0430303030303,NA,3.5430303030303,3.0430303030303,8.3430303030303,-3.6569696969697,3.5430303030303,-0.556969696969695,5.5430303030303,3.3430303030303,4.7430303030303,6.2430303030303,1.5430303030303,1.0430303030303,2.8430303030303,2.0430303030303,-0.856969696969696,-0.856969696969696,1.8430303030303,1.8430303030303,3.1430303030303,-0.456969696969697,-2.45696969696969,1.6430303030303,1.5430303030303,-4.95696969696969,5.0430303030303,2.6430303030303,1.8430303030303,-0.456969696969697,2.2430303030303,-1.95696969696969,-4.2569696969697,-4.55696969696969,0.043030303030303,-2.7569696969697,-1.95696969696969,-0.656969696969696,-1.1569696969697,-5.2569696969697,-3.45696969696969,-2.3569696969697,1.1430303030303,-2.3569696969697,-0.556969696969695,-3.8569696969697,-0.256969696969698,-3.45696969696969,-0.0569696969696949,-2.2569696969697,-1.05696969696969,-3.2569696969697,1.6430303030303,2.44303030303031,1.2430303030303,-1.4569696969697,2.7430303030303,13.0430303030303,-4.45696969696969,2.6430303030303,-1.8569696969697,-1.4569696969697,-2.8569696969697,-1.55696969696969,-1.4569696969697,-3.8569696969697,-3.05696969696969,NA,0.643030303030304,-4.45696969696969,-0.656969696969696,-3.05696969696969,1.8430303030303,-2.6569696969697,-0.456969696969697,-5.45696969696969,2.7430303030303,-5.6569696969697,-0.556969696969695,7.0430303030303,0.243030303030302,5.8430303030303,-2.95696969696969,-1.6569696969697
