Participantid,Masked_ID
10010,47532392
10021,58804367
10032,24130395
10059,58044022
10065,24180444
10087,46627102
10098,22152323
10114,23414542
10120,43820234
10142,33118152
10155,37889149
10199,94391990
10202,47705164
10213,51761373
10241,80881465
10256,91158115
10278,84400856
10289,19560560
10295,41627277
10301,34026065
10323,24786833
10340,76630189
10368,12666818
10379,12836321
10385,65094349
10396,31963960
10411,58642569
10422,55033928
10433,64107932
10458,90382542
10469,89921465
10475,10132976
10497,44807604
10507,49169829
10529,49998273
10535,20069172
10551,33475829
10562,1604791
10573,5273960
10590,56439340
10608,92629107
10619,75991582
10625,88322993
10672,76405301
10715,71301750
10726,52251368
10737,95203502
10748,23849623
10771,29200808
